{
  "rotation_deg": {
    "mean": 179.44115294028393,
    "median": 179.44115294028393,
    "all": [
      179.7325670855948,
      179.14973879497308
    ]
  },
  "translation": {
    "mean": 5.438996942652128,
    "median": 5.438996942652128,
    "all": [
      5.034941500795554,
      5.8430523845087015
    ]
  },
  "MSSD": {
    "mean": 29.746326671074165,
    "median": 29.746326671074165,
    "all": [
      25.353584893475837,
      34.13906844867249
    ]
  },
  "counts": {
    "total_gt": 3,
    "matched": 2,
    "missed": 1,
    "extras": 0
  },
  "recall": 0.6666666666666666,
  "precision": 1.0
}