{
  "rotation_deg": {
    "mean": 166.63085097937446,
    "median": 174.65985509854553,
    "all": [
      174.65985509854553,
      177.68650229599407,
      147.54619554358374
    ]
  },
  "translation": {
    "mean": 4.5728009689885925,
    "median": 4.544850853490276,
    "all": [
      4.544850853490276,
      3.6284064152796867,
      5.545145638195814
    ]
  },
  "MSSD": {
    "mean": 21.52346847700639,
    "median": 20.644891675125123,
    "all": [
      20.644891675125123,
      13.181098015259886,
      30.744415740634157
    ]
  },
  "counts": {
    "total_gt": 3,
    "matched": 3,
    "missed": 0,
    "extras": 1
  },
  "recall": 1.0,
  "precision": 0.75
}