{
  "rotation_deg": {
    "mean": 94.81696624670359,
    "median": 94.81696624670359,
    "all": [
      94.81696624670359
    ]
  },
  "translation": {
    "mean": 6.414551627431128,
    "median": 6.414551627431128,
    "all": [
      6.414551627431128
    ]
  },
  "MSSD": {
    "mean": 41.15280347576743,
    "median": 41.15280347576743,
    "all": [
      41.15280347576743
    ]
  },
  "counts": {
    "total_gt": 3,
    "matched": 1,
    "missed": 2,
    "extras": 0
  },
  "recall": 0.3333333333333333,
  "precision": 1.0
}