{
  "rotation_deg": {
    "mean": 115.15221410073025,
    "median": 115.15221410073025,
    "all": [
      178.3106245366042,
      51.993803664856316
    ]
  },
  "translation": {
    "mean": 10.426720576046533,
    "median": 10.426720576046533,
    "all": [
      5.39102771340648,
      15.462413438686585
    ]
  },
  "MSSD": {
    "mean": 134.06496702642013,
    "median": 134.06496702642013,
    "all": [
      29.055070893800515,
      239.07486315903975
    ]
  },
  "counts": {
    "total_gt": 3,
    "matched": 2,
    "missed": 1,
    "extras": 0
  },
  "recall": 0.6666666666666666,
  "precision": 1.0
}