{
  "rotation_deg": {
    "mean": 135.93556860781968,
    "median": 135.93556860781968,
    "all": [
      179.03899618791783,
      92.83214102772152
    ]
  },
  "translation": {
    "mean": 2.1913654177334676,
    "median": 2.1913654177334676,
    "all": [
      2.42180499895187,
      1.9609258365150648
    ]
  },
  "MSSD": {
    "mean": 4.86896910186444,
    "median": 4.86896910186444,
    "all": [
      5.8831724230541775,
      3.854765780674703
    ]
  },
  "counts": {
    "total_gt": 3,
    "matched": 2,
    "missed": 1,
    "extras": 1
  },
  "recall": 0.6666666666666666,
  "precision": 0.6666666666666666
}