{
  "rotation_deg": {
    "mean": 177.64444815700045,
    "median": 177.64444815700045,
    "all": [
      176.7146036384477,
      178.5742926755532
    ]
  },
  "translation": {
    "mean": 4.713239305018639,
    "median": 4.713239305018639,
    "all": [
      4.157063756708577,
      5.269414853328702
    ]
  },
  "MSSD": {
    "mean": 22.55015814212262,
    "median": 22.55015814212262,
    "all": [
      17.307441549190195,
      27.792874735055044
    ]
  },
  "counts": {
    "total_gt": 3,
    "matched": 2,
    "missed": 1,
    "extras": 0
  },
  "recall": 0.6666666666666666,
  "precision": 1.0
}