{
  "rotation_deg": {
    "mean": 123.52166110888552,
    "median": 123.52166110888552,
    "all": [
      123.52166110888552
    ]
  },
  "translation": {
    "mean": 3.0401318152985195,
    "median": 3.0401318152985195,
    "all": [
      3.0401318152985195
    ]
  },
  "MSSD": {
    "mean": 9.250837025806446,
    "median": 9.250837025806446,
    "all": [
      9.250837025806446
    ]
  },
  "counts": {
    "total_gt": 3,
    "matched": 1,
    "missed": 2,
    "extras": 0
  },
  "recall": 0.3333333333333333,
  "precision": 1.0
}