{
  "rotation_deg": {
    "mean": 87.13312380970567,
    "median": 87.13312380970567,
    "all": [
      87.13312380970567
    ]
  },
  "translation": {
    "mean": 3.4407268826481348,
    "median": 3.4407268826481348,
    "all": [
      3.4407268826481348
    ]
  },
  "MSSD": {
    "mean": 11.835291610014842,
    "median": 11.835291610014842,
    "all": [
      11.835291610014842
    ]
  },
  "counts": {
    "total_gt": 3,
    "matched": 1,
    "missed": 2,
    "extras": 0
  },
  "recall": 0.3333333333333333,
  "precision": 1.0
}