{
  "rotation_deg": {
    "mean": 122.85567863689054,
    "median": 155.1481353482292,
    "all": [
      155.1481353482292,
      35.2420988628143,
      178.17680169962813
    ]
  },
  "translation": {
    "mean": 7.777068506848618,
    "median": 8.709764311495109,
    "all": [
      5.710765885320817,
      8.709764311495109,
      8.91067532372993
    ]
  },
  "MSSD": {
    "mean": 62.642994516093374,
    "median": 75.86065181598086,
    "all": [
      32.62367037522232,
      75.86065181598086,
      79.44466135707694
    ]
  },
  "counts": {
    "total_gt": 3,
    "matched": 3,
    "missed": 0,
    "extras": 0
  },
  "recall": 1.0,
  "precision": 1.0
}