{
  "rotation_deg": {
    "mean": 71.79132146563116,
    "median": 30.883219392826987,
    "all": [
      8.828892200336986,
      175.6618528037295,
      30.883219392826987
    ]
  },
  "translation": {
    "mean": 3.635722733479341,
    "median": 2.3853630994095365,
    "all": [
      2.3467740950946276,
      6.175031005933859,
      2.3853630994095365
    ]
  },
  "MSSD": {
    "mean": 16.442525902074554,
    "median": 5.689783179486154,
    "all": [
      5.50667261362039,
      38.13112191311711,
      5.689783179486154
    ]
  },
  "counts": {
    "total_gt": 3,
    "matched": 3,
    "missed": 0,
    "extras": 0
  },
  "recall": 1.0,
  "precision": 1.0
}