{
  "rotation_deg": {
    "mean": 147.967561847263,
    "median": 147.967561847263,
    "all": [
      177.868742401369,
      118.06638129315702
    ]
  },
  "translation": {
    "mean": 8.294557411104165,
    "median": 8.294557411104165,
    "all": [
      8.72618123708312,
      7.8629335851252105
    ]
  },
  "MSSD": {
    "mean": 68.99698680697435,
    "median": 68.99698680697435,
    "all": [
      76.15970063401869,
      61.83427297993001
    ]
  },
  "counts": {
    "total_gt": 3,
    "matched": 2,
    "missed": 1,
    "extras": 0
  },
  "recall": 0.6666666666666666,
  "precision": 1.0
}