{
  "rotation_deg": {
    "mean": 179.10341698639223,
    "median": 179.10341698639223,
    "all": [
      179.10341698639223
    ]
  },
  "translation": {
    "mean": 9.608258681173693,
    "median": 9.608258681173693,
    "all": [
      9.608258681173693
    ]
  },
  "MSSD": {
    "mean": 92.3125242492364,
    "median": 92.3125242492364,
    "all": [
      92.3125242492364
    ]
  },
  "counts": {
    "total_gt": 3,
    "matched": 1,
    "missed": 2,
    "extras": 0
  },
  "recall": 0.3333333333333333,
  "precision": 1.0
}