{
  "rotation_deg": {
    "mean": 152.8703971108925,
    "median": 152.8703971108925,
    "all": [
      126.65594460920566,
      179.08484961257935
    ]
  },
  "translation": {
    "mean": 5.182483407925938,
    "median": 5.182483407925938,
    "all": [
      5.054562979329713,
      5.310403836522163
    ]
  },
  "MSSD": {
    "mean": 26.891823694308236,
    "median": 26.891823694308236,
    "all": [
      25.553897707673965,
      28.229749680942508
    ]
  },
  "counts": {
    "total_gt": 3,
    "matched": 2,
    "missed": 1,
    "extras": 1
  },
  "recall": 0.6666666666666666,
  "precision": 0.6666666666666666
}