{
  "rotation_deg": {
    "mean": 178.30737167789883,
    "median": 178.30737167789883,
    "all": [
      179.3410138273339,
      177.27372952846375
    ]
  },
  "translation": {
    "mean": 11.192997778986363,
    "median": 11.192997778986363,
    "all": [
      8.376670742533678,
      14.009324815439047
    ]
  },
  "MSSD": {
    "mean": 133.19483454389834,
    "median": 133.19483454389834,
    "all": [
      70.21037943612943,
      196.17928965166726
    ]
  },
  "counts": {
    "total_gt": 3,
    "matched": 2,
    "missed": 1,
    "extras": 0
  },
  "recall": 0.6666666666666666,
  "precision": 1.0
}