{
  "rotation_deg": {
    "mean": 179.87613617649703,
    "median": 179.87613617649703,
    "all": [
      179.87613617649703
    ]
  },
  "translation": {
    "mean": 3.691511742522396,
    "median": 3.691511742522396,
    "all": [
      3.691511742522396
    ]
  },
  "MSSD": {
    "mean": 13.64345074677599,
    "median": 13.64345074677599,
    "all": [
      13.64345074677599
    ]
  },
  "counts": {
    "total_gt": 3,
    "matched": 1,
    "missed": 2,
    "extras": 0
  },
  "recall": 0.3333333333333333,
  "precision": 1.0
}