{
  "rotation_deg": {
    "mean": 165.1127742374628,
    "median": 165.1127742374628,
    "all": [
      165.1127742374628
    ]
  },
  "translation": {
    "mean": 88.08989009155539,
    "median": 88.08989009155539,
    "all": [
      88.08989009155539
    ]
  },
  "MSSD": {
    "mean": 7760.054134659633,
    "median": 7760.054134659633,
    "all": [
      7760.054134659633
    ]
  },
  "counts": {
    "total_gt": 3,
    "matched": 1,
    "missed": 2,
    "extras": 0
  },
  "recall": 0.3333333333333333,
  "precision": 1.0
}