{
  "rotation_deg": {
    "mean": 178.67924832351457,
    "median": 178.67924832351457,
    "all": [
      178.67924832351457
    ]
  },
  "translation": {
    "mean": 8.041598759070546,
    "median": 8.041598759070546,
    "all": [
      8.041598759070546
    ]
  },
  "MSSD": {
    "mean": 64.71390563970633,
    "median": 64.71390563970633,
    "all": [
      64.71390563970633
    ]
  },
  "counts": {
    "total_gt": 3,
    "matched": 1,
    "missed": 2,
    "extras": 0
  },
  "recall": 0.3333333333333333,
  "precision": 1.0
}