{
  "rotation_deg": {
    "mean": 119.29932974238265,
    "median": 107.75739267175476,
    "all": [
      107.75739267175476,
      70.89853931749863,
      179.24205723789458
    ]
  },
  "translation": {
    "mean": 4.5639112664405825,
    "median": 2.4380427612272064,
    "all": [
      1.7028346759889268,
      9.550856362105614,
      2.4380427612272064
    ]
  },
  "MSSD": {
    "mean": 33.36304041007304,
    "median": 5.963681100680638,
    "all": [
      2.9030147562786413,
      91.22242537325984,
      5.963681100680638
    ]
  },
  "counts": {
    "total_gt": 3,
    "matched": 3,
    "missed": 0,
    "extras": 0
  },
  "recall": 1.0,
  "precision": 1.0
}