{
  "rotation_deg": {
    "mean": 29.204082761202805,
    "median": 29.204082761202805,
    "all": [
      20.141419082664125,
      38.26674643974149
    ]
  },
  "translation": {
    "mean": 3.753703132314089,
    "median": 3.753703132314089,
    "all": [
      3.7412652159565667,
      3.766141048671611
    ]
  },
  "MSSD": {
    "mean": 14.091704619336351,
    "median": 14.091704619336351,
    "all": [
      13.99569237624323,
      14.187716862429472
    ]
  },
  "counts": {
    "total_gt": 3,
    "matched": 2,
    "missed": 1,
    "extras": 1
  },
  "recall": 0.6666666666666666,
  "precision": 0.6666666666666666
}