{
  "rotation_deg": {
    "mean": 33.95910138659501,
    "median": 33.95910138659501,
    "all": [
      33.95910138659501
    ]
  },
  "translation": {
    "mean": 4.3738407496094975,
    "median": 4.3738407496094975,
    "all": [
      4.3738407496094975
    ]
  },
  "MSSD": {
    "mean": 19.134532559129347,
    "median": 19.134532559129347,
    "all": [
      19.134532559129347
    ]
  },
  "counts": {
    "total_gt": 3,
    "matched": 1,
    "missed": 2,
    "extras": 0
  },
  "recall": 0.3333333333333333,
  "precision": 1.0
}