{
  "rotation_deg": {
    "mean": 174.27239010093493,
    "median": 174.27239010093493,
    "all": [
      174.27239010093493
    ]
  },
  "translation": {
    "mean": 4.695105646163919,
    "median": 4.695105646163919,
    "all": [
      4.695105646163919
    ]
  },
  "MSSD": {
    "mean": 22.061410078012273,
    "median": 22.061410078012273,
    "all": [
      22.061410078012273
    ]
  },
  "counts": {
    "total_gt": 3,
    "matched": 1,
    "missed": 2,
    "extras": 0
  },
  "recall": 0.3333333333333333,
  "precision": 1.0
}