{
  "rotation_deg": {
    "mean": 2.535239030434748,
    "median": 2.535239030434748,
    "all": [
      2.535239030434748
    ]
  },
  "translation": {
    "mean": 5.395903623264879,
    "median": 5.395903623264879,
    "all": [
      5.395903623264879
    ]
  },
  "MSSD": {
    "mean": 29.111686770055854,
    "median": 29.111686770055854,
    "all": [
      29.111686770055854
    ]
  },
  "counts": {
    "total_gt": 4,
    "matched": 1,
    "missed": 3,
    "extras": 0
  },
  "recall": 0.25,
  "precision": 1.0
}