{
  "rotation_deg": {
    "mean": 128.48263973960346,
    "median": 128.48263973960346,
    "all": [
      128.48263973960346
    ]
  },
  "translation": {
    "mean": 8.010996924098624,
    "median": 8.010996924098624,
    "all": [
      8.010996924098624
    ]
  },
  "MSSD": {
    "mean": 64.18629305619353,
    "median": 64.18629305619353,
    "all": [
      64.18629305619353
    ]
  },
  "counts": {
    "total_gt": 3,
    "matched": 1,
    "missed": 2,
    "extras": 0
  },
  "recall": 0.3333333333333333,
  "precision": 1.0
}