{
  "rotation_deg": {
    "mean": 174.68591540685094,
    "median": 174.68591540685094,
    "all": [
      178.90887102859745,
      170.46295978510446
    ]
  },
  "translation": {
    "mean": 42.05215405936357,
    "median": 42.05215405936357,
    "all": [
      6.217655061938348,
      77.8866530567888
    ]
  },
  "MSSD": {
    "mean": 3052.615132728151,
    "median": 3052.615132728151,
    "all": [
      38.65975080552033,
      6066.570514650782
    ]
  },
  "counts": {
    "total_gt": 3,
    "matched": 2,
    "missed": 1,
    "extras": 1
  },
  "recall": 0.6666666666666666,
  "precision": 0.6666666666666666
}