{
  "rotation_deg": {
    "mean": 136.6570104956871,
    "median": 136.6570104956871,
    "all": [
      136.6570104956871
    ]
  },
  "translation": {
    "mean": 99.62742495899484,
    "median": 99.62742495899484,
    "all": [
      99.62742495899484
    ]
  },
  "MSSD": {
    "mean": 9928.462084040908,
    "median": 9928.462084040908,
    "all": [
      9928.462084040908
    ]
  },
  "counts": {
    "total_gt": 5,
    "matched": 1,
    "missed": 4,
    "extras": 0
  },
  "recall": 0.2,
  "precision": 1.0
}