{
  "rotation_deg": {
    "mean": 178.67075053391662,
    "median": 178.67075053391662,
    "all": [
      178.67075053391662
    ]
  },
  "translation": {
    "mean": 2.9353961354564757,
    "median": 2.9353961354564757,
    "all": [
      2.9353961354564757
    ]
  },
  "MSSD": {
    "mean": 8.619030990590613,
    "median": 8.619030990590613,
    "all": [
      8.619030990590613
    ]
  },
  "counts": {
    "total_gt": 3,
    "matched": 1,
    "missed": 2,
    "extras": 0
  },
  "recall": 0.3333333333333333,
  "precision": 1.0
}