{
  "rotation_deg": {
    "mean": 179.6293182042606,
    "median": 179.6293182042606,
    "all": [
      179.6293182042606
    ]
  },
  "translation": {
    "mean": 3.3578642107742462,
    "median": 3.3578642107742462,
    "all": [
      3.3578642107742462
    ]
  },
  "MSSD": {
    "mean": 11.300909952291633,
    "median": 11.300909952291633,
    "all": [
      11.300909952291633
    ]
  },
  "counts": {
    "total_gt": 3,
    "matched": 1,
    "missed": 2,
    "extras": 0
  },
  "recall": 0.3333333333333333,
  "precision": 1.0
}