{
  "rotation_deg": {
    "mean": 3.2818236704228214,
    "median": 3.2818236704228214,
    "all": [
      3.2818236704228214
    ]
  },
  "translation": {
    "mean": 3.98415759717871,
    "median": 3.98415759717871,
    "all": [
      3.98415759717871
    ]
  },
  "MSSD": {
    "mean": 15.876087019930486,
    "median": 15.876087019930486,
    "all": [
      15.876087019930486
    ]
  },
  "counts": {
    "total_gt": 5,
    "matched": 1,
    "missed": 4,
    "extras": 0
  },
  "recall": 0.2,
  "precision": 1.0
}