{
  "rotation_deg": {
    "mean": 1.2397287341914243,
    "median": 1.2397287341914243,
    "all": [
      1.2397287341914243
    ]
  },
  "translation": {
    "mean": 5.554451174851365,
    "median": 5.554451174851365,
    "all": [
      5.554451174851365
    ]
  },
  "MSSD": {
    "mean": 30.852332001944287,
    "median": 30.852332001944287,
    "all": [
      30.852332001944287
    ]
  },
  "counts": {
    "total_gt": 5,
    "matched": 1,
    "missed": 4,
    "extras": 1
  },
  "recall": 0.2,
  "precision": 0.5
}