{
  "rotation_deg": {
    "mean": 158.97986899897285,
    "median": 158.97986899897285,
    "all": [
      176.45692871297283,
      141.50280928497287
    ]
  },
  "translation": {
    "mean": 8.001395646615766,
    "median": 8.001395646615766,
    "all": [
      9.972552999470548,
      6.030238293760986
    ]
  },
  "MSSD": {
    "mean": 67.94579241071987,
    "median": 67.94579241071987,
    "all": [
      99.5098536581227,
      36.381731163317056
    ]
  },
  "counts": {
    "total_gt": 3,
    "matched": 2,
    "missed": 1,
    "extras": 1
  },
  "recall": 0.6666666666666666,
  "precision": 0.6666666666666666
}