{
  "rotation_deg": {
    "mean": 109.53138481856107,
    "median": 109.53138481856107,
    "all": [
      135.87311293539662,
      83.18965670172551
    ]
  },
  "translation": {
    "mean": 4.71578000654298,
    "median": 4.71578000654298,
    "all": [
      7.422978015258845,
      2.008581997827114
    ]
  },
  "MSSD": {
    "mean": 29.583870245537128,
    "median": 29.583870245537128,
    "all": [
      55.12804283477523,
      4.03969765629903
    ]
  },
  "counts": {
    "total_gt": 3,
    "matched": 2,
    "missed": 1,
    "extras": 2
  },
  "recall": 0.6666666666666666,
  "precision": 0.5
}