{
  "rotation_deg": {
    "mean": 177.71944644772515,
    "median": 177.71944644772515,
    "all": [
      177.71944644772515
    ]
  },
  "translation": {
    "mean": 1.7938800409445141,
    "median": 1.7938800409445141,
    "all": [
      1.7938800409445141
    ]
  },
  "MSSD": {
    "mean": 3.234658420804654,
    "median": 3.234658420804654,
    "all": [
      3.234658420804654
    ]
  },
  "counts": {
    "total_gt": 3,
    "matched": 1,
    "missed": 2,
    "extras": 1
  },
  "recall": 0.3333333333333333,
  "precision": 0.5
}