{
  "rotation_deg": {
    "mean": 174.39250590043125,
    "median": 174.39250590043125,
    "all": [
      169.73387071133598,
      179.0511410895265
    ]
  },
  "translation": {
    "mean": 3.6139600163478938,
    "median": 3.6139600163478938,
    "all": [
      3.983088859234292,
      3.2448311734614954
    ]
  },
  "MSSD": {
    "mean": 13.220015296167427,
    "median": 13.220015296167427,
    "all": [
      15.882971931025955,
      10.557058661308899
    ]
  },
  "counts": {
    "total_gt": 3,
    "matched": 2,
    "missed": 1,
    "extras": 0
  },
  "recall": 0.6666666666666666,
  "precision": 1.0
}