{
  "rotation_deg": {
    "mean": 111.71200578295617,
    "median": 111.71200578295617,
    "all": [
      43.67146969848232,
      179.75254186743
    ]
  },
  "translation": {
    "mean": 3.3855875198350893,
    "median": 3.3855875198350893,
    "all": [
      5.491698326961768,
      1.2794767127084101
    ]
  },
  "MSSD": {
    "mean": 15.901856175327074,
    "median": 15.901856175327074,
    "all": [
      30.160775274827493,
      1.6429370758266537
    ]
  },
  "counts": {
    "total_gt": 3,
    "matched": 2,
    "missed": 1,
    "extras": 0
  },
  "recall": 0.6666666666666666,
  "precision": 1.0
}