{
  "rotation_deg": {
    "mean": 178.50444081467288,
    "median": 178.50444081467288,
    "all": [
      179.7592899466706,
      177.24959168267512
    ]
  },
  "translation": {
    "mean": 2.1654053086057368,
    "median": 2.1654053086057368,
    "all": [
      2.48872889049507,
      1.8420817267164036
    ]
  },
  "MSSD": {
    "mean": 4.800043839140882,
    "median": 4.800043839140882,
    "all": [
      6.196816696250977,
      3.4032709820307874
    ]
  },
  "counts": {
    "total_gt": 3,
    "matched": 2,
    "missed": 1,
    "extras": 0
  },
  "recall": 0.6666666666666666,
  "precision": 1.0
}