{
  "rotation_deg": {
    "mean": 87.07248398541718,
    "median": 87.07248398541718,
    "all": [
      135.89571519127512,
      38.249252779559235
    ]
  },
  "translation": {
    "mean": 8.153731438832425,
    "median": 8.153731438832425,
    "all": [
      10.204536197196886,
      6.102926680467965
    ]
  },
  "MSSD": {
    "mean": 70.6936463249477,
    "median": 70.6936463249477,
    "all": [
      104.14995045769342,
      37.237342192201965
    ]
  },
  "counts": {
    "total_gt": 3,
    "matched": 2,
    "missed": 1,
    "extras": 0
  },
  "recall": 0.6666666666666666,
  "precision": 1.0
}