{
  "rotation_deg": {
    "mean": 2.2370648024020388,
    "median": 2.2370648024020388,
    "all": [
      2.132058541141422,
      2.3420710636626554
    ]
  },
  "translation": {
    "mean": 4.678241613168151,
    "median": 4.678241613168151,
    "all": [
      6.107254588016724,
      3.2492286383195768
    ]
  },
  "MSSD": {
    "mean": 23.927528684548452,
    "median": 23.927528684548452,
    "all": [
      37.297332613348324,
      10.557724755748582
    ]
  },
  "counts": {
    "total_gt": 5,
    "matched": 2,
    "missed": 3,
    "extras": 0
  },
  "recall": 0.4,
  "precision": 1.0
}