{
  "rotation_deg": {
    "mean": 179.68456192888473,
    "median": 179.68456192888473,
    "all": [
      179.68456192888473
    ]
  },
  "translation": {
    "mean": 7.162075778037925,
    "median": 7.162075778037925,
    "all": [
      7.162075778037925
    ]
  },
  "MSSD": {
    "mean": 51.28858501800696,
    "median": 51.28858501800696,
    "all": [
      51.28858501800696
    ]
  },
  "counts": {
    "total_gt": 3,
    "matched": 1,
    "missed": 2,
    "extras": 0
  },
  "recall": 0.3333333333333333,
  "precision": 1.0
}