{
  "rotation_deg": {
    "mean": 130.65755939263704,
    "median": 178.0225874259817,
    "all": [
      179.95421441647068,
      33.99587633545871,
      178.0225874259817
    ]
  },
  "translation": {
    "mean": 3.0502157742125715,
    "median": 2.7425048106162793,
    "all": [
      4.03216252764915,
      2.375979984372286,
      2.7425048106162793
    ]
  },
  "MSSD": {
    "mean": 9.809532929905346,
    "median": 7.532876384660058,
    "all": [
      16.25033954850069,
      5.645382856555294,
      7.532876384660058
    ]
  },
  "counts": {
    "total_gt": 3,
    "matched": 3,
    "missed": 0,
    "extras": 0
  },
  "recall": 1.0,
  "precision": 1.0
}