{
  "rotation_deg": {
    "mean": 121.01663337960531,
    "median": 121.01663337960531,
    "all": [
      121.01663337960531
    ]
  },
  "translation": {
    "mean": 2.8059169003541613,
    "median": 2.8059169003541613,
    "all": [
      2.8059169003541613
    ]
  },
  "MSSD": {
    "mean": 7.878492640317933,
    "median": 7.878492640317933,
    "all": [
      7.878492640317933
    ]
  },
  "counts": {
    "total_gt": 3,
    "matched": 1,
    "missed": 2,
    "extras": 0
  },
  "recall": 0.3333333333333333,
  "precision": 1.0
}