{
  "rotation_deg": {
    "mean": 175.26736489845896,
    "median": 175.26736489845896,
    "all": [
      179.50255809222284,
      171.0321717046951
    ]
  },
  "translation": {
    "mean": 4.477435572809243,
    "median": 4.477435572809243,
    "all": [
      3.5593731572184573,
      5.39549798840003
    ]
  },
  "MSSD": {
    "mean": 20.92648113978479,
    "median": 20.92648113978479,
    "all": [
      12.699636609994384,
      29.1533256695752
    ]
  },
  "counts": {
    "total_gt": 3,
    "matched": 2,
    "missed": 1,
    "extras": 1
  },
  "recall": 0.6666666666666666,
  "precision": 0.6666666666666666
}