{
  "rotation_deg": {
    "mean": 175.86511535283717,
    "median": 175.86511535283717,
    "all": [
      175.86511535283717
    ]
  },
  "translation": {
    "mean": 1.611016886953854,
    "median": 1.611016886953854,
    "all": [
      1.611016886953854
    ]
  },
  "MSSD": {
    "mean": 2.607137909109878,
    "median": 2.607137909109878,
    "all": [
      2.607137909109878
    ]
  },
  "counts": {
    "total_gt": 3,
    "matched": 1,
    "missed": 2,
    "extras": 0
  },
  "recall": 0.3333333333333333,
  "precision": 1.0
}