{
  "rotation_deg": {
    "mean": 88.9306091393051,
    "median": 88.9306091393051,
    "all": [
      25.94247578731539,
      151.9187424912948
    ]
  },
  "translation": {
    "mean": 44.00107774904663,
    "median": 44.00107774904663,
    "all": [
      3.3773661476065535,
      84.62478935048671
    ]
  },
  "MSSD": {
    "mean": 3586.347058514421,
    "median": 3586.347058514421,
    "all": [
      11.40457459294835,
      7161.289542435894
    ]
  },
  "counts": {
    "total_gt": 3,
    "matched": 2,
    "missed": 1,
    "extras": 1
  },
  "recall": 0.6666666666666666,
  "precision": 0.6666666666666666
}