{
  "rotation_deg": {
    "mean": 177.2790847192616,
    "median": 177.2790847192616,
    "all": [
      177.2790847192616
    ]
  },
  "translation": {
    "mean": 1.3737202503406145,
    "median": 1.3737202503406145,
    "all": [
      1.3737202503406145
    ]
  },
  "MSSD": {
    "mean": 1.8997244580504478,
    "median": 1.8997244580504478,
    "all": [
      1.8997244580504478
    ]
  },
  "counts": {
    "total_gt": 3,
    "matched": 1,
    "missed": 2,
    "extras": 0
  },
  "recall": 0.3333333333333333,
  "precision": 1.0
}