{
  "rotation_deg": {
    "mean": 101.7581646503852,
    "median": 101.7581646503852,
    "all": [
      177.8343340436618,
      25.681995257108586
    ]
  },
  "translation": {
    "mean": 6.923200144606726,
    "median": 6.923200144606726,
    "all": [
      6.0268122526312595,
      7.819588036582192
    ]
  },
  "MSSD": {
    "mean": 48.73582587152228,
    "median": 48.73582587152228,
    "all": [
      36.31813587413169,
      61.153515868912876
    ]
  },
  "counts": {
    "total_gt": 3,
    "matched": 2,
    "missed": 1,
    "extras": 2
  },
  "recall": 0.6666666666666666,
  "precision": 0.5
}