{
  "rotation_deg": {
    "mean": 177.2554951220575,
    "median": 177.2554951220575,
    "all": [
      177.9562305349419,
      176.5547597091731
    ]
  },
  "translation": {
    "mean": 6.382816978534663,
    "median": 6.382816978534663,
    "all": [
      8.489294191766271,
      4.276339765303054
    ]
  },
  "MSSD": {
    "mean": 45.177251427776014,
    "median": 45.177251427776014,
    "all": [
      72.0821356396028,
      18.27236721594923
    ]
  },
  "counts": {
    "total_gt": 3,
    "matched": 2,
    "missed": 1,
    "extras": 0
  },
  "recall": 0.6666666666666666,
  "precision": 1.0
}