{
  "rotation_deg": {
    "mean": 179.31919222730068,
    "median": 179.31919222730068,
    "all": [
      179.31919222730068
    ]
  },
  "translation": {
    "mean": 1.7191731202360823,
    "median": 1.7191731202360823,
    "all": [
      1.7191731202360823
    ]
  },
  "MSSD": {
    "mean": 2.96782959939011,
    "median": 2.96782959939011,
    "all": [
      2.96782959939011
    ]
  },
  "counts": {
    "total_gt": 3,
    "matched": 1,
    "missed": 2,
    "extras": 0
  },
  "recall": 0.3333333333333333,
  "precision": 1.0
}