{
  "rotation_deg": {
    "mean": 92.14152750077628,
    "median": 92.14152750077628,
    "all": [
      178.5136337175772,
      5.769421283975356
    ]
  },
  "translation": {
    "mean": 3.254767365221907,
    "median": 3.254767365221907,
    "all": [
      0.9348372590112421,
      5.574697471432572
    ]
  },
  "MSSD": {
    "mean": 15.984832335667601,
    "median": 15.984832335667601,
    "all": [
      0.8911971753279782,
      31.078467496007224
    ]
  },
  "counts": {
    "total_gt": 3,
    "matched": 2,
    "missed": 1,
    "extras": 1
  },
  "recall": 0.6666666666666666,
  "precision": 0.6666666666666666
}