{
  "rotation_deg": {
    "mean": 178.68139451655503,
    "median": 178.68139451655503,
    "all": [
      179.291041299086,
      178.0717477340241
    ]
  },
  "translation": {
    "mean": 3.8218441382159347,
    "median": 3.8218441382159347,
    "all": [
      3.9534878773007973,
      3.690200399131072
    ]
  },
  "MSSD": {
    "mean": 14.62760979342923,
    "median": 14.62760979342923,
    "all": [
      15.653099011148923,
      13.602120575709538
    ]
  },
  "counts": {
    "total_gt": 3,
    "matched": 2,
    "missed": 1,
    "extras": 1
  },
  "recall": 0.6666666666666666,
  "precision": 0.6666666666666666
}