{
  "rotation_deg": {
    "mean": 168.60467238083504,
    "median": 168.60467238083504,
    "all": [
      168.60467238083504
    ]
  },
  "translation": {
    "mean": 95.25005718157985,
    "median": 95.25005718157985,
    "all": [
      95.25005718157985
    ]
  },
  "MSSD": {
    "mean": 9072.818896612118,
    "median": 9072.818896612118,
    "all": [
      9072.818896612118
    ]
  },
  "counts": {
    "total_gt": 5,
    "matched": 1,
    "missed": 4,
    "extras": 0
  },
  "recall": 0.2,
  "precision": 1.0
}